Date,Narration,Ref No,Withdrawal Amt,Deposit Amt,Closing Balance
01/08/2026,"NEFT CR-ACME TECHNOLOGIES PVT LTD-SALARY AUG",N213456781,,85000.00,205000.00
02/08/2026,"UPI/PRESTIGE RESIDENCY RENT/rent@okhdfcbank",UPI421300101,22000.00,,183000.00
03/08/2026,"UPI/ZOMATO/zomato@hdfcbank/Food order",UPI421300102,486.00,,182514.00
04/08/2026,"POS BIGBASKET BANGALORE",POS421300103,2340.50,,180173.50
05/08/2026,"NETFLIX.COM SI CHARGE",SI421300104,649.00,,179524.50
06/08/2026,"UPI/UBER INDIA/uber@icici",UPI421300105,312.00,,179212.50
08/08/2026,"BESCOM ELECTRICITY BILL PAYMENT",BBPS42130106,1845.00,,177367.50
09/08/2026,"UPI/SWIGGY/swiggy@icici/Order",UPI421300107,398.00,,176969.50
10/08/2026,"ACT FIBERNET BROADBAND AUTOPAY",SI421300108,999.00,,175970.50
12/08/2026,"IOCL PETROL PUMP KORAMANGALA",POS421300109,2500.00,,173470.50
14/08/2026,"UPI/SHARMA KIRANA STORE/sharmakirana@ybl",UPI421300110,640.00,,172830.50
15/08/2026,"SPOTIFY INDIA SI",SI421300111,119.00,,172711.50
17/08/2026,"AMAZON PAY INDIA ORDER",UPI421300112,1899.00,,170812.50
19/08/2026,"UPI/ZOMATO/zomato@hdfcbank/Food order",UPI421300113,552.00,,170260.50
21/08/2026,"ATM CASH WITHDRAWAL MG ROAD",ATM421300114,3000.00,,167260.50
23/08/2026,"UPI/RAJU TEA STALL/raju@paytm",UPI421300115,60.00,,167200.50
26/08/2026,"UPI/UBER INDIA/uber@icici",UPI421300116,284.00,,166916.50
29/08/2026,"BOOKMYSHOW MOVIE TICKETS",UPI421300117,720.00,,166196.50
01/09/2026,"NEFT CR-ACME TECHNOLOGIES PVT LTD-SALARY SEP",N213456782,,85000.00,251196.50
02/09/2026,"UPI/PRESTIGE RESIDENCY RENT/rent@okhdfcbank",UPI421300118,22000.00,,229196.50
03/09/2026,"UPI/ZOMATO/zomato@hdfcbank/Food order",UPI421300119,612.00,,228584.50
04/09/2026,"UPI/SWIGGY/swiggy@icici/Order",UPI421300120,455.00,,228129.50
05/09/2026,"NETFLIX.COM SI CHARGE",SI421300121,649.00,,227480.50
05/09/2026,"POS BIGBASKET BANGALORE",POS421300122,2785.00,,224695.50
07/09/2026,"UPI/ZOMATO/zomato@hdfcbank/Food order",UPI421300123,734.00,,223961.50
08/09/2026,"BESCOM ELECTRICITY BILL PAYMENT",BBPS42130124,2110.00,,221851.50
09/09/2026,"UPI/UBER INDIA/uber@icici",UPI421300125,356.00,,221495.50
10/09/2026,"ACT FIBERNET BROADBAND AUTOPAY",SI421300126,999.00,,220496.50
11/09/2026,"UPI/SWIGGY/swiggy@icici/Order",UPI421300127,520.00,,219976.50
12/09/2026,"UPI/ZOMATO/zomato@hdfcbank/Food order",UPI421300128,689.00,,219287.50
14/09/2026,"CROMA ELECTRONICS LAPTOP",POS421300129,45999.00,,173288.50
15/09/2026,"SPOTIFY INDIA SI",SI421300130,119.00,,173169.50
16/09/2026,"UPI/SHARMA KIRANA STORE/sharmakirana@ybl",UPI421300131,710.00,,172459.50
17/09/2026,"UPI/ZOMATO/zomato@hdfcbank/Food order",UPI421300132,498.00,,171961.50
18/09/2026,"IOCL PETROL PUMP KORAMANGALA",POS421300133,2600.00,,169361.50
19/09/2026,"UPI/SWIGGY/swiggy@icici/Order",UPI421300134,577.00,,168784.50
20/09/2026,"INT.PD SB ACCOUNT INTEREST",INT421300135,,1210.00,169994.50
